id,d_title,d_description,d_amount,d_image,created_date
2,"Empowerment Initiative: Help Us Make a Difference!","<p>We believe in the power of community and the impact of collective action. Today, we are reaching out to you with a humble request to support our latest initiative aimed at empowering individuals and fostering positive change in our society.</p>

<p>With your generous contribution, you&#39;ll be directly supporting our efforts to provide essential resources and opportunities to those in need. Your donation will enable us to:</p>

<ul>
	<li>Provide educational scholarships for underprivileged youth, opening doors to brighter futures.</li>
	<li>Offer vocational training programs to empower individuals with valuable skills for employment and entrepreneurship.</li>
	<li>Support community development projects, such as building sustainable infrastructure and improving access to clean water and sanitation.</li>
</ul>

<p>Together, we can make a real difference in the lives of countless individuals and communities. Every contribution, no matter how big or small, brings us one step closer to a more inclusive and prosperous society.</p>

<p>Thank you for considering this opportunity to join us in our mission. Your support truly matters.</p>
",5000,7382_Akashardham-Temple-Delhi.jpg,"2024-04-10 08:43:17"
3,"Supporting Our Community: Together We Make a Difference","<p>We believe in the power of collective action to create positive change. It is with great enthusiasm that we reach out to you today to invite you to join us in our mission to uplift and support our community.</p>

<p>With your generosity, we can continue to provide essential services and programs that make a meaningful difference in the lives of those in need. Your donation will directly contribute to initiatives such as [briefly describe specific programs or projects your organization supports, e.g., providing meals for the homeless, offering educational opportunities for underprivileged youth, etc.].</p>

<p>No contribution is too small, as every dollar makes an impact. Together, we can build a stronger, more resilient community where everyone has the opportunity to thrive.</p>

<p>To make your donation, please visit [insert donation link] or contact us directly at [your contact information]. Your support is deeply appreciated and truly makes a difference.</p>

<p>Thank you for considering this request, and for your commitment to making our community a better place for all.</p>
",7000,4731_art-courses.jpg,"2024-04-10 08:44:45"
4,"Supporting the Cause: A Generous Donation","<p>I hope this message finds you well. I am writing to express my heartfelt support for the incredible work you do in [cause/mission]. As a firm believer in your vision and dedication, I am pleased to contribute to your cause through this donation.</p>

<p>Enclosed is my donation of [amount], which I offer with the utmost gratitude and admiration for the impact you make in our community. Your unwavering commitment to [describe specific efforts or initiatives] inspires me, and I am honored to play a small part in furthering your mission.</p>

<p>Please accept this contribution as a token of my appreciation for your tireless efforts and as a testament to the profound difference you continue to make in the lives of others. I trust that these funds will be utilized effectively to continue your invaluable work and bring about positive change.</p>

<p>Thank you for your dedication, passion, and perseverance. Together, we can create a brighter, more compassionate world for all.</p>
",75000,9051_catholic-symbols.jpg,"2024-04-10 08:45:58"
5,"Help Us Change Lives: Your Generosity Matters!","<p>We are reaching out to you with hope in our hearts and a humble request for your support. At our organization, we are dedicated to making a positive impact in the lives of those in need, but we cannot do it alone.</p>

<p>Your generous donation, no matter the size, can make a real difference. It can provide a warm meal to a hungry child, offer shelter to a family in crisis, or bring education to those who have been denied the opportunity to learn.</p>

<p>Every dollar you donate goes directly toward supporting our programs and initiatives, ensuring that those who are vulnerable or marginalized receive the care and assistance they deserve.</p>

<p>Together, we can create a brighter future for our community. Your kindness and compassion have the power to change lives. Thank you for considering a donation to our organization.</p>
",8000,98_gfx100s_sample_04_thum-1.jpg,"2024-04-10 08:47:21"
